{"labels": [14, 19, 19, 19, 19, 19, 14, 19, 19, 19, 19, 5, 6, 19, 19, 19, 19, 19, 19, 19, 19, 4, 14, 19, 14, 19, 19, 19, 19, 6, 19, 19, 19, 19, 19, 6, 14, 19, 14, 19, 19, 5, 14, 19, 6, 14, 19, 19, 0, 2, 3, 4, 5, 6, 7, 9, 10, 11, 12, 13, 14, 15, 17, 18, 12, 14, 19, 19, 19, 14, 19, 19, 19, 19, 5, 14, 19, 19, 19, 6, 18, 19, 19, 19, 19, 19, 19, 14, 19, 19, 19, 14, 19, 19, 14, 19, 19, 19, 19, 19], "scores": [0.0038062059320509434, 0.00615835702046752, 0.0035083729308098555, 0.003532187081873417, 0.0034488216042518616, 0.004211234860122204, 0.003990592900663614, 0.0061384583823382854, 0.003875819966197014, 0.004666947294026613, 0.0034551434218883514, 0.0035181317944079638, 0.0032076400239020586, 0.0040305363945662975, 0.004233343992382288, 0.0057502430863678455, 0.004410659894347191, 0.0035206202883273363, 0.0033700938802212477, 0.003564293496310711, 0.004307485185563564, 0.0032871796283870935, 0.003695208113640547, 0.005896552465856075, 0.003262012265622616, 0.005428379401564598, 0.0032876827754080296, 0.0032866455148905516, 0.005193059798330069, 0.003907300066202879, 0.004637424368411303, 0.00532056437805295, 0.004163127392530441, 0.005115092732012272, 0.00576584180817008, 0.0033613129053264856, 0.0038679062854498625, 0.006128848530352116, 0.004278021398931742, 0.006618956103920937, 0.0041327509097754955, 0.003264213213697076, 0.0037630517035722733, 0.007284155581146479, 0.003224905114620924, 0.0038055027835071087, 0.005054549314081669, 0.004855198320001364, 0.006571423728018999, 0.006828241515904665, 0.010775068774819374, 0.009962878189980984, 0.009370268322527409, 0.9498063325881958, 0.005232756957411766, 0.012433493509888649, 0.010805810801684856, 0.009025268256664276, 0.0036315859761089087, 0.008658846840262413, 0.014342287555336952, 0.011746393516659737, 0.018577728420495987, 0.01366637647151947, 0.0033477097749710083, 0.004709954839199781, 0.007437737192958593, 0.0034031947143375874, 0.0037172099109739065, 0.003930462524294853, 0.006992962211370468, 0.004154023714363575, 0.0050944979302585125, 0.004507198929786682, 0.003609979525208473, 0.0037413551472127438, 0.007031374145299196, 0.0034141691867262125, 0.003986353520303965, 0.005633765831589699, 0.0032237849663943052, 0.003989863209426403, 0.003990388475358486, 0.0033276015892624855, 0.0034022582694888115, 0.003528523026034236, 0.004306544084101915, 0.003863330464810133, 0.004490195773541927, 0.003944514784961939, 0.006066276226192713, 0.003579387441277504, 0.004793071188032627, 0.004229603335261345, 0.00348715391010046, 0.00594485504552722, 0.003389694495126605, 0.004937640856951475, 0.0037132881116122007, 0.003199814585968852], "bboxes": [[134.4862518310547, 114.92576599121094, 219.293212890625, 150.13076782226562], [134.4862518310547, 114.92576599121094, 219.293212890625, 150.13076782226562], [107.81999206542969, 74.5136489868164, 222.44017028808594, 103.85844421386719], [145.72023010253906, 139.275390625, 207.3275146484375, 184.25267028808594], [268.2909240722656, 123.80037689208984, 327.8973388671875, 195.93215942382812], [197.5670928955078, 84.80718994140625, 271.4369201660156, 122.95793151855469], [143.47274780273438, 122.53755187988281, 238.2915496826172, 150.59146118164062], [143.47274780273438, 122.53755187988281, 238.2915496826172, 150.59146118164062], [125.54439544677734, 100.72018432617188, 299.0362243652344, 149.86392211914062], [62.15110397338867, 75.32538604736328, 267.5293884277344, 152.84933471679688], [111.5497817993164, 103.99473571777344, 202.1434326171875, 135.27980041503906], [-0.455257773399353, 76.73158264160156, 250.09251403808594, 163.10191345214844], [-0.455257773399353, 76.73158264160156, 250.09251403808594, 163.10191345214844], [-0.455257773399353, 76.73158264160156, 250.09251403808594, 163.10191345214844], [63.919769287109375, 105.91324615478516, 140.5401153564453, 165.7467498779297], [114.72438049316406, 127.0343017578125, 196.06591796875, 151.23533630371094], [96.23481750488281, 103.86184692382812, 256.1418151855469, 148.96554565429688], [88.35735321044922, 98.84886169433594, 231.65660095214844, 138.7701416015625], [164.01028442382812, 136.6086883544922, 275.7851257324219, 197.5948486328125], [249.3817138671875, 98.42528533935547, 306.6062927246094, 131.3058624267578], [269.1075439453125, 127.0138168334961, 322.27850341796875, 172.45269775390625], [124.8364486694336, 108.28777313232422, 240.43032836914062, 149.236328125], [124.8364486694336, 108.28777313232422, 240.43032836914062, 149.236328125], [124.8364486694336, 108.28777313232422, 240.43032836914062, 149.236328125], [171.76898193359375, 121.074462890625, 320.9053039550781, 151.1171875], [171.76898193359375, 121.074462890625, 320.9053039550781, 151.1171875], [244.7482147216797, 189.37619018554688, 327.97637939453125, 233.32408142089844], [62.07052230834961, 161.3907012939453, 136.33265686035156, 202.11376953125], [61.58036804199219, 104.92105102539062, 128.36888122558594, 149.677978515625], [90.32926940917969, 83.9022445678711, 226.86354064941406, 132.31394958496094], [112.94332122802734, 117.6829605102539, 181.72007751464844, 152.88941955566406], [109.962158203125, 111.07363891601562, 240.86221313476562, 148.7102508544922], [60.473148345947266, 107.56364440917969, 179.61216735839844, 151.145751953125], [258.51202392578125, 119.628662109375, 308.25714111328125, 168.666259765625], [62.19728088378906, 105.24319458007812, 128.2532196044922, 144.59544372558594], [127.06552124023438, 100.58795928955078, 233.9609832763672, 150.8148193359375], [127.06552124023438, 100.58795928955078, 233.9609832763672, 150.8148193359375], [127.06552124023438, 100.58795928955078, 233.9609832763672, 150.8148193359375], [164.75497436523438, 120.68851470947266, 244.78619384765625, 150.5308380126953], [164.75497436523438, 120.68851470947266, 244.78619384765625, 150.5308380126953], [63.346866607666016, 106.88945007324219, 171.9828643798828, 166.3790740966797], [171.71429443359375, 124.0931167602539, 261.4783630371094, 152.56076049804688], [171.71429443359375, 124.0931167602539, 261.4783630371094, 152.56076049804688], [171.71429443359375, 124.0931167602539, 261.4783630371094, 152.56076049804688], [123.81905364990234, 109.02860260009766, 261.0955810546875, 149.2855682373047], [123.81905364990234, 109.02860260009766, 261.0955810546875, 149.2855682373047], [123.81905364990234, 109.02860260009766, 261.0955810546875, 149.2855682373047], [63.98911666870117, 105.47575378417969, 135.41639709472656, 158.81283569335938], [56.343963623046875, 76.7039566040039, 326.4100646972656, 241.0662078857422], [56.343963623046875, 76.7039566040039, 326.4100646972656, 241.0662078857422], [56.343963623046875, 76.7039566040039, 326.4100646972656, 241.0662078857422], [56.343963623046875, 76.7039566040039, 326.4100646972656, 241.0662078857422], [56.343963623046875, 76.7039566040039, 326.4100646972656, 241.0662078857422], [56.343963623046875, 76.7039566040039, 326.4100646972656, 241.0662078857422], [56.343963623046875, 76.7039566040039, 326.4100646972656, 241.0662078857422], [56.343963623046875, 76.7039566040039, 326.4100646972656, 241.0662078857422], [56.343963623046875, 76.7039566040039, 326.4100646972656, 241.0662078857422], [56.343963623046875, 76.7039566040039, 326.4100646972656, 241.0662078857422], [56.343963623046875, 76.7039566040039, 326.4100646972656, 241.0662078857422], [56.343963623046875, 76.7039566040039, 326.4100646972656, 241.0662078857422], [56.343963623046875, 76.7039566040039, 326.4100646972656, 241.0662078857422], [56.343963623046875, 76.7039566040039, 326.4100646972656, 241.0662078857422], [56.343963623046875, 76.7039566040039, 326.4100646972656, 241.0662078857422], [56.343963623046875, 76.7039566040039, 326.4100646972656, 241.0662078857422], [127.00656127929688, 118.16840362548828, 223.25059509277344, 149.5757293701172], [127.00656127929688, 118.16840362548828, 223.25059509277344, 149.5757293701172], [127.00656127929688, 118.16840362548828, 223.25059509277344, 149.5757293701172], [62.28204345703125, 105.3607177734375, 180.40611267089844, 