{"labels": [19, 19, 19, 19, 19, 19, 19, 19, 19, 6, 19, 4, 6, 8, 14, 19, 19, 19, 19, 19, 19, 19, 19, 19, 19, 19, 19, 19, 19, 19, 19, 19, 19, 19, 19, 19, 19, 19, 0, 2, 3, 6, 7, 8, 9, 10, 11, 12, 13, 14, 16, 17, 19, 19, 19, 2, 4, 6, 7, 8, 9, 11, 12, 13, 14, 15, 16, 17, 18, 19, 19, 19, 19, 19, 19, 19, 19, 19, 19, 19, 19, 4, 10, 17, 19, 19, 19, 19, 6, 19, 19, 19, 19, 19, 19, 19, 19, 19, 19, 19], "scores": [0.004488222301006317, 0.0031406497582793236, 0.003171368269249797, 0.004706752486526966, 0.004072247073054314, 0.004354163073003292, 0.004222134593874216, 0.0038687328342348337, 0.004784065764397383, 0.004064204171299934, 0.004655185155570507, 0.003153885016217828, 0.0033892355859279633, 0.003925099037587643, 0.0038240239955484867, 0.004253015853464603, 0.005251524969935417, 0.003562473226338625, 0.0031898287124931812, 0.0034028340596705675, 0.0035260526929050684, 0.00375476130284369, 0.0031732001807540655, 0.003341378876939416, 0.003330664476379752, 0.003454294754192233, 0.0038540305104106665, 0.003304483601823449, 0.0034906286746263504, 0.005599114112555981, 0.0035283907782286406, 0.0031952292192727327, 0.003160767490044236, 0.0033525703474879265, 0.005715066567063332, 0.003245843108743429, 0.003677696455270052, 0.006121409125626087, 0.006268663331866264, 0.006122352089732885, 0.004262229893356562, 0.008305631577968597, 0.005305038765072823, 0.0033280381467193365, 0.015461599454283714, 0.004024614579975605, 0.9277845025062561, 0.01053770910948515, 0.014210631139576435, 0.01009158231317997, 0.005842901766300201, 0.017255855724215508, 0.007409207988530397, 0.00316817220300436, 0.012628206983208656, 0.006198236718773842, 0.0038693759124726057, 0.008047494105994701, 0.011415502987802029, 0.0071506318636238575, 0.010961241088807583, 0.07559794187545776, 0.006312889512628317, 0.0039406875148415565, 0.03575649484992027, 0.004548010881990194, 0.010355043224990368, 0.0048104627057909966, 0.003479201113805175, 0.005508103407919407, 0.0032288392540067434, 0.0033369658049196005, 0.0033533223904669285, 0.003807449946179986, 0.0033080081921070814, 0.003826453583315015, 0.003948779311031103, 0.0031678422819823027, 0.005871235392987728, 0.003268942004069686, 0.0031375489197671413, 0.0034983549267053604, 0.003192323725670576, 0.0038769834209233522, 0.01970556564629078, 0.0031720991246402264, 0.0032462659291923046, 0.005066171288490295, 0.00338428164832294, 0.006053300574421883, 0.004117974080145359, 0.0038499687798321247, 0.0031558149494230747, 0.0032303896732628345, 0.004371313378214836, 0.0031499103643000126, 0.0033752680756151676, 0.009284437634050846, 0.0033573743421584368, 0.003136113053187728], "bboxes": [[301.22576904296875, -5.046807765960693, 431.1701965332031, 201.7094268798828], [238.86276245117188, 60.102962493896484, 331.6795349121094, 94.57955932617188], [136.58334350585938, 90.94621276855469, 238.9210968017578, 124.50853729248047], [248.12281799316406, 0.5733748078346252, 432.08050537109375, 153.08663940429688], [112.01045227050781, 4.872076511383057, 383.3038024902344, 143.30941772460938], [201.50192260742188, 1.335896372795105, 434.5934753417969, 156.91184997558594], [126.9671630859375, 54.13698196411133, 225.01966857910156, 96.288818359375], [9.290660858154297, -1.465099573135376, 234.7556915283203, 189.093994140625], [6.627888202667236, -8.469633102416992, 202.75277709960938, 176.6374969482422], [77.46630096435547, 7.955981254577637, 254.44369506835938, 78.84576416015625], [77.46630096435547, 7.955981254577637, 254.44369506835938, 78.84576416015625], [195.9342498779297, 2.325779676437378, 427.1278381347656, 263.5988464355469], [195.9342498779297, 2.325779676437378, 427.1278381347656, 263.5988464355469], [195.9342498779297, 2.325779676437378, 427.1278381347656, 263.5988464355469], [195.9342498779297, 2.325779676437378, 427.1278381347656, 263.5988464355469], [195.9342498779297, 2.325779676437378, 427.1278381347656, 263.5988464355469], [189.66006469726562, 12.081500053405762, 331.70159912109375, 98.01493072509766], [6.920475959777832, -4.392012119293213, 236.85848999023438, 256.71380615234375], [345.76031494140625, 105.78764343261719, 413.2169189453125, 154.19122314453125], [139.85739135742188, 7.635325908660889, 351.41339111328125, 202.8875732421875], [253.3199462890625, 96.13204956054688, 439.9251403808594, 150.6940155029297], [321.69805908203125, 153.33425903320312, 430.53363037109375, 227.1229705810547], [75.7574691772461, 97.1640853881836, 213.92147827148438, 165.4620819091797], [90.35523223876953, 67.31719970703125, 275.8240661621094, 101.2588882446289], [83.20243835449219, 89.6188735961914, 212.8829803466797, 148.08499145507812], [250.44955444335938, 136.135986328125, 342.9967956542969, 165.5288848876953], [42.79415512084961, 1.8114045858383179, 293.2900390625, 179.39149475097656], [290.1626281738281, 118.09334564208984, 365.50262451171875, 167.50843811035156], [22.480457305908203, 132.368408203125, 99.37814331054688, 212.92694091796875], [192.19894409179688, 7.360687732696533, 323.8078308105469, 80.33549499511719], [247.51443481445312, 146.9884033203125, 355.5367126464844, 186.42503356933594], [68.58838653564453, 29.881412506103516, 249.58192443847656, 112.05043029785156], [140.8233642578125, 170.5743865966797, 328.85760498046875, 212.36488342285156], [19.434406280517578, 1.8851184844970703, 334.7676086425781, 196.69578552246094], [64.58859252929688, 0.24045319855213165, 225.33740234375, 99.9309310913086], [229.05844116210938, 72.96214294433594, 439.781982421875, 249.28323364257812], [188.89361572265625, 19.765785217285156, 344.3511657714844, 138.67739868164062], [90.93961334228516, -2.1733880043029785, 239.91656494140625, 131.42501831054688], [7.08575439453125, 0.34583649039268494, 427.9777526855469, 265.7612609863281], [7.08575439453125, 0.34583649039268494, 427.9777526855469, 265.7612609863281], [7.08575439453125, 0.34583649039268494, 427.9777526855469, 265.7612609863281], [7.08575439453125, 0.34583649039268494, 427.9777526855469, 265.7612609863281], [7.08575439453125, 0.34583649039268494, 427.9777526855469, 265.7612609863281], [7.08575439453125, 0.34583649039268494, 427.9777526855469, 265.7612609863281], [7.08575439453125, 0.34583649039268494, 427.9777526855469, 265.7612609863281], [7.08575439453125, 0.34583649039268494, 427.9777526855469, 265.7612609863281], [7.08575439453125, 0.34583649039268494, 427.9777526855469, 265.7612609863281], [7.08575439453125, 0.34583649039268494, 427.9777526855469, 265.7612609863281], [7.08575439453125, 0.34583649039268494, 427.9777526855469, 265.7612609863281], [7.08575439453125, 0.34583649039268494, 427.9777526855469, 265.7612609863281], [7.08575439453125, 0.34583649039268494, 427.9777526855469, 265.7612609863281], [7.08575439453125, 0.34583649039268494, 427.9777526855469, 265.7612609863281], [7.08575439453125, 0.34583649039268494, 427.9777526855469, 265.7612609863281], [37.142242431640625, 101.40753173828125, 140.0879669189453, 140.52671813964844], [205.1065216064453, 0.8297390341758728, 428.8946838378906, 44.588584899902344], [5.665456295013428, -0.13583038747310638, 270.042236328125, 265.4659729003906], [5.665456295013428, -0.13583038747310638, 270.042236328125, 265.4659729003906], [5.665456295013428, -0.13583038747310638, 270.042236328125, 265.4659729003906], [5.665456295013428, -0.13583038747310638, 270.042236328125, 265.4659729003906], [5.665456295013428, -0.13583038747310638, 270.042236328125, 265.4659729003906], [5.665456295013428, -0.13583038747310638, 270.042236328125, 265.4659729003906], [5.665456295013428, -0.13583038747310638, 270.042236328125, 265.4659729003906], [5.665456295013428, -0.13583038747310638, 270.042236328125, 265.4659729003906], [5.665456295013428, -0.13583038747310638, 270.042236328125, 265.4659729003906], [5.665456295013428, -0.13583038747310638, 270.042236328125, 265.4659729003906], [5.665456295013428, -0.13583038747310638, 270.042236328125, 265.4659729003906], [5.665456295013428, -0.13583038747310638, 270.042236328125, 265.4659729003906], [5.665456295013428, 