{"labels": [15, 19, 2, 3, 5, 6, 11, 12, 14, 17, 18, 15, 19, 1, 3, 9, 12, 14, 15, 18, 6, 14, 19, 1, 4, 6, 7, 9, 12, 14, 2, 3, 4, 5, 6, 11, 12, 14, 18, 6, 14, 4, 6, 7, 9, 11, 14, 15, 15, 19, 6, 15, 14, 15, 19, 1, 3, 7, 9, 12, 14, 18, 19, 19, 2, 5, 6, 11, 12, 14, 17, 18, 15, 6, 6, 14, 15, 6, 15, 1, 2, 3, 4, 6, 7, 8, 9, 11, 12, 14, 15, 17, 18, 6, 15, 19, 15, 15, 19, 15], "scores": [0.007479904685169458, 0.006496066227555275, 0.014248762279748917, 0.005836971569806337, 0.01634077914059162, 0.009306547231972218, 0.010420127771794796, 0.011371027678251266, 0.9760729074478149, 0.005850363057106733, 0.020083393901586533, 0.008196495473384857, 0.005710158962756395, 0.006795799359679222, 0.010466339066624641, 0.009375630877912045, 0.007326054852455854, 0.010784990154206753, 0.0058912779204547405, 0.006035083904862404, 0.006654353346675634, 0.013170158490538597, 0.005662323907017708, 0.006623679772019386, 0.0063846660777926445, 0.008892578072845936, 0.005715348292142153, 0.007042065728455782, 0.006192086264491081, 0.06639032810926437, 0.019033825024962425, 0.005694059655070305, 0.006083129905164242, 0.013162867166101933, 0.005672760773450136, 0.010566918179392815, 0.016205890104174614, 0.9780139923095703, 0.019975777715444565, 0.006486942060291767, 0.011818036437034607, 0.006137760356068611, 0.006091210525482893, 0.007263740990310907, 0.0064615486189723015, 0.008376847952604294, 0.06322498619556427, 0.005749900359660387, 0.006459950935095549, 0.00626274012029171, 0.005703776143491268, 0.006757603958249092, 0.007958093658089638, 0.007873457856476307, 0.006244415882974863, 0.008144534192979336, 0.005753941368311644, 0.005740671884268522, 0.00926616508513689, 0.00726016191765666, 0.012302865274250507, 0.006824497599154711, 0.00596033688634634, 0.006181932985782623, 0.011659481562674046, 0.015973806381225586, 0.006104678381234407, 0.01149169821292162, 0.014264733530580997, 0.9755222201347351, 0.0064268396236002445, 0.02155293896794319, 0.008924389258027077, 0.005848041735589504, 0.005826667882502079, 0.01359126903116703, 0.006860911846160889, 0.005676460452377796, 0.009385795332491398, 0.006753869820386171, 0.008963053114712238, 0.009809001348912716, 0.0073448531329631805, 0.011600729078054428, 0.01069790031760931, 0.006958923768252134, 0.008556781336665154, 0.014313721098005772, 0.007978221401572227, 0.4773387014865875, 0.006069410592317581, 0.008068285882472992, 0.007042832672595978, 0.007403609808534384, 0.014666975475847721, 0.008371589705348015, 0.006889627780765295, 0.010733475908637047, 0.006673206575214863, 0.005626979283988476], "bboxes": [[195.5157012939453, 195.87835693359375, 252.05113220214844, 276.9479064941406], [195.5157012939453, 195.87835693359375, 252.05113220214844, 276.9479064941406], [313.0366516113281, 38.48977279663086, 399.45794677734375, 278.4195861816406], [313.0366516113281, 38.48977279663086, 399.45794677734375, 278.4195861816406], [313.0366516113281, 38.48977279663086, 399.45794677734375, 278.4195861816406], [313.0366516113281, 38.48977279663086, 399.45794677734375, 278.4195861816406], [313.0366516113281, 38.48977279663086, 399.45794677734375, 278.4195861816406], [313.0366516113281, 38.48977279663086, 399.45794677734375, 278.4195861816406], [313.0366516113281, 38.48977279663086, 399.45794677734375, 278.4195861816406], [313.0366516113281, 38.48977279663086, 399.45794677734375, 278.4195861816406], [313.0366516113281, 38.48977279663086, 399.45794677734375, 278.4195861816406], [103.45130157470703, 207.0663299560547, 214.5692596435547, 277.63446044921875], [103.45130157470703, 207.0663299560547, 214.5692596435547, 277.63446044921875], [2.6497180461883545, 18.38190269470215, 169.2649383544922, 278.2213134765625], [2.6497180461883545, 18.38190269470215, 169.2649383544922, 278.2213134765625], [2.6497180461883545, 18.38190269470215, 169.2649383544922, 278.2213134765625], [2.6497180461883545, 18.38190269470215, 169.2649383544922, 278.2213134765625], [2.6497180461883545, 18.38190269470215, 169.2649383544922, 278.2213134765625], [2.6497180461883545, 18.38190269470215, 169.2649383544922, 278.2213134765625], [2.6497180461883545, 18.38190269470215, 169.2649383544922, 278.2213134765625], [1.781234622001648, 1.71925687789917, 113.627685546875, 278.7920227050781], [1.781234622001648, 1.71925687789917, 113.627685546875, 278.7920227050781], [119.3031997680664, 17.548725128173828, 204.85133361816406, 106.85375213623047], [203.6591339111328, 13.503177642822266, 319.6158447265625, 277.5780944824219], [203.6591339111328, 13.503177642822266, 319.6158447265625, 277.5780944824219], [203.6591339111328, 13.503177642822266, 319.6158447265625, 277.5780944824219], [203.6591339111328, 13.503177642822266, 319.6158447265625, 277.5780944824219], [203.6591339111328, 13.503177642822266, 319.6158447265625, 277.5780944824219], [203.6591339111328, 13.503177642822266, 319.6158447265625, 277.5780944824219], [203.6591339111328, 13.503177642822266, 319.6158447265625, 277.5780944824219], [204.47853088378906, 13.370224952697754, 318.76788330078125, 277.75860595703125], [204.47853088378906, 13.370224952697754, 318.76788330078125, 277.75860595703125], [204.47853088378906, 13.370224952697754, 318.76788330078125, 277.75860595703125], [204.47853088378906, 13.370224952697754, 318.76788330078125, 277.75860595703125], [204.47853088378906, 13.370224952697754, 318.76788330078125, 277.75860595703125], [204.47853088378906, 13.370224952697754, 318.76788330078125, 277.75860595703125], [204.47853088378906, 13.370224952697754, 318.76788330078125, 277.75860595703125], [204.47853088378906, 13.370224952697754, 318.76788330078125, 277.75860595703125], [204.47853088378906, 13.370224952697754, 318.76788330078125, 277.75860595703125], [308.5065612792969, 39.69883346557617, 391.184814453125, 278.6451110839844], [308.5065612792969, 39.69883346557617, 391.184814453125, 278.6451110839844], [112.8379898071289, 22.701770782470703, 216.222900390625, 277.04864501953125], [112.8379898071289, 22.701770782470703, 216.222900390625, 277.04864501953125], [112.8379898071289, 22.701770782470703, 216.222900390625, 277.04864501953125], [112.8379898071289, 22.701770782470703, 216.222900390625, 277.04864501953125], [112.8379898071289, 22.701770782470703, 216.222900390625, 277.04864501953125], [112.8379898071289, 22.701770782470703, 216.222900390625, 277.04864501953125], [250.33285522460938, 164.90957641601562, 315.8380432128906, 277.5553283691406], [196.0000762939453, 101.1762466430664, 242.75442504882812, 275.8659362792969], [196.0000762939453, 101.1762466430664, 242.75442504882812, 275.8659362792969], [13.483500480651855, 122.4263687133789, 68.54329681396484, 282.232666015625], [13.483500480651855, 122.4263687133789, 68.54329681396484, 282.232666015625], [111.20836639404297, 25.094133377075195, 223.2130889892578, 240.07766723632812], [183.27337646484375, 213.99220275878906, 244.61679077148438, 275.1790771484375], [182.8590850830078, 76.58142852783203, 224.0704803466797, 155.9119415283203], [0.3014256954193115, 13.112154006958008, 203.8998565673828, 196.98385620117188], [0.3014256954193115, 13.112154006958008, 203.8998565673828, 196.98385620117188], [0.3014256954193115, 13.112154006958008, 203.8998565673828, 196.98385620117188], [0.3014256954193115, 13.112154006958008, 203.8998565673828, 196.98385620117188], [0.3014256954193115, 13.112154006958008, 203.8998565673828, 196.98385620117188], [0.3014256954193115, 13.112154006958008, 203.8998565673828, 196.98385620117188], [0.3014256954193115, 13.112154006958008, 203.8998565673828, 196.98385620117188], [0.3014256954193115, 13.112154006958008, 203.8998565673828, 196.98385620117188], [94.29357147216797, 45.23116683959961, 144.22312927246094, 263.65777587890625], [2.0983784198760986, 4.907049655914307, 115.54822540283203, 278.5133056640625], [2.0983784198760986, 4.907049655914307, 115.54822540283203, 278.5133056640625], [2.0983784198760986, 4.907049655914307, 115.54822540283203, 278.5133056640625], [2.0983784198760986, 4.907049655914307, 115.54822540283203, 278.5133056640625], 