{"pascal_voc/mAP": 0.7205509543418884, "pascal_voc/AP50": 0.721, "data_time": 0.08402369355539127, "time": 0.11018564810853013}