{"labels": [19, 19, 4, 14, 18, 19, 18, 19, 12, 19, 8, 18, 19, 4, 5, 8, 14, 18, 19, 19, 19, 0, 1, 3, 5, 6, 7, 10, 13, 14, 17, 18, 19, 19, 19, 19, 19, 19, 19, 19, 19, 19, 14, 18, 19, 19, 19, 19, 0, 1, 3, 5, 6, 7, 12, 13, 14, 17, 18, 19, 19, 0, 1, 3, 4, 5, 6, 7, 8, 10, 12, 13, 14, 17, 18, 19, 19, 19, 18, 19, 19, 19, 19, 19, 12, 19, 19, 19, 19, 19, 5, 14, 18, 19, 19, 19, 19, 19, 19, 8], "scores": [0.003653750056400895, 0.0031272764317691326, 0.0033427211456000805, 0.0035859476774930954, 0.0035749005619436502, 0.005377475637942553, 0.0031541427597403526, 0.003431697143241763, 0.0032124491408467293, 0.005810115486383438, 0.003241398837417364, 0.0035550198517739773, 0.004142311401665211, 0.0045753363519907, 0.005126534961163998, 0.00458073616027832, 0.004171563312411308, 0.006545196752995253, 0.013464835472404957, 0.0031325079035013914, 0.00395688833668828, 0.013060146942734718, 0.004010089673101902, 0.028159301728010178, 0.00637317169457674, 0.02027314156293869, 0.005080294795334339, 0.010299066081643105, 0.0048782313242554665, 0.008579318411648273, 0.011620144359767437, 0.20507332682609558, 0.012425973080098629, 0.004169387277215719, 0.00422227056697011, 0.0034245799761265516, 0.003997636493295431, 0.0038470474537461996, 0.004544840659946203, 0.0035546093713492155, 0.003410582197830081, 0.003709266660735011, 0.004057832062244415, 0.003985145594924688, 0.004784971475601196, 0.003184753702953458, 0.0036811032332479954, 0.0036238576285541058, 0.017967144027352333, 0.015917479991912842, 0.014347519725561142, 0.0057325344532728195, 0.013475507497787476, 0.01250668428838253, 0.008378488011658192, 0.015455061569809914, 0.02307247929275036, 0.020220059901475906, 0.9175929427146912, 0.014031002297997475, 0.0032987797167152166, 0.0043980516493320465, 0.0044823926873505116, 0.00629414152354002, 0.005088428501039743, 0.004658827558159828, 0.00864126905798912, 0.004594271536916494, 0.004523866344243288, 0.003332634223625064, 0.0034122648648917675, 0.0050804223865270615, 0.013528598472476006, 0.010147065855562687, 0.1396740972995758, 0.014202716760337353, 0.0033941513393074274, 0.003576701506972313, 0.004496835637837648, 0.0035175250377506018, 0.00400101114064455, 0.003806267399340868, 0.003327310550957918, 0.0033190317917615175, 0.003247219370678067, 0.004456000868231058, 0.0032874392345547676, 0.0032193518709391356, 0.0034109922125935555, 0.003758680075407028, 0.0032802410423755646, 0.003158122766762972, 0.004028725903481245, 0.006538121495395899, 0.00316726160235703, 0.0033293417654931545, 0.003159711603075266, 0.004090409725904465, 0.0032807914540171623, 0.0031109449919313192], "bboxes": [[15.7120943069458, 94.64735412597656, 115.00354766845703, 124.2181625366211], [315.0150451660156, 118.69104766845703, 370.6369323730469, 146.1901092529297], [175.34051513671875, 102.1963119506836, 201.3234405517578, 162.32115173339844], [175.34051513671875, 102.1963119506836, 201.3234405517578, 162.32115173339844], [175.34051513671875, 102.1963119506836, 201.3234405517578, 162.32115173339844], [175.34051513671875, 102.1963119506836, 201.3234405517578, 162.32115173339844], [279.6544189453125, 96.37892150878906, 500.4674072265625, 240.41357421875], [279.6544189453125, 96.37892150878906, 500.4674072265625, 240.41357421875], [175.59031677246094, 98.40673828125, 204.7067413330078, 165.64959716796875], [175.59031677246094, 98.40673828125, 204.7067413330078, 165.64959716796875], [32.582096099853516, 226.59487915039062, 235.5681610107422, 273.5622253417969], [32.582096099853516, 226.59487915039062, 235.5681610107422, 273.5622253417969], [32.582096099853516, 226.59487915039062, 235.5681610107422, 273.5622253417969], [0.43177178502082825, 97.16181945800781, 79.2934341430664, 172.67196655273438], [0.43177178502082825, 97.16181945800781, 79.2934341430664, 172.67196655273438], [0.43177178502082825, 97.16181945800781, 79.2934341430664, 172.67196655273438], [0.43177178502082825, 97.16181945800781, 79.2934341430664, 172.67196655273438], [0.43177178502082825, 97.16181945800781, 79.2934341430664, 172.67196655273438], [0.43177178502082825, 97.16181945800781, 79.2934341430664, 172.67196655273438], [134.0733642578125, 53.435428619384766, 210.9027557373047, 110.97417449951172], [47.139305114746094, 98.2994613647461, 132.62045288085938, 125.5886001586914], [276.4021911621094, 36.516639709472656, 496.0411376953125, 260.6021423339844], [276.4021911621094, 36.516639709472656, 496.0411376953125, 260.6021423339844], [276.4021911621094, 36.516639709472656, 496.0411376953125, 260.6021423339844], [276.4021911621094, 36.516639709472656, 496.0411376953125, 260.6021423339844], [276.4021911621094, 36.516639709472656, 496.0411376953125, 260.6021423339844], [276.4021911621094, 36.516639709472656, 496.0411376953125, 260.6021423339844], [276.4021911621094, 36.516639709472656, 496.0411376953125, 260.6021423339844], [276.4021911621094, 36.516639709472656, 496.0411376953125, 260.6021423339844], [276.4021911621094, 36.516639709472656, 496.0411376953125, 260.6021423339844], [276.4021911621094, 36.516639709472656, 496.0411376953125, 260.6021423339844], [276.4021911621094, 36.516639709472656, 496.0411376953125, 260.6021423339844], [276.4021911621094, 36.516639709472656, 496.0411376953125, 260.6021423339844], [388.2196960449219, 221.16156005859375, 479.7970886230469, 251.34979248046875], [174.58914184570312, 99.52455139160156, 211.53244018554688, 159.66200256347656], [176.21954345703125, 125.78807830810547, 211.50021362304688, 174.95797729492188], [287.6117248535156, 163.3854217529297, 366.6324768066406, 205.36837768554688], [273.2557373046875, 166.12998962402344, 321.6250915527344, 213.29396057128906], [285.4263610839844, 192.67236328125, 387.08544921875, 232.99453735351562], [152.54788208007812, 130.1625518798828, 202.38803100585938, 159.14744567871094], [263.7566833496094, 222.5028076171875, 342.35675048828125, 266.0599060058594], [261.2890319824219, 166.3265380859375, 307.8155212402344, 195.7508087158203], [-1.5783649682998657, 44.14535903930664, 272.6279602050781, 279.809326171875], [-1.5783649682998657, 44.14535903930664, 272.6279602050781, 279.809326171875], [265.1318359375, 222.66502380371094, 422.7289733886719, 287.80474853515625], [286.7725830078125, 159.59609985351562, 362.86004638671875, 211.701416015625], [281.62249755859375, 155.20855712890625, 370.2784729003906, 195.63482666015625], [109.68330383300781, 103.35353088378906, 154.02708435058594, 161.29185485839844], [-0.65447598695755, 42.43965530395508, 500.0374450683594, 297.28228759765625], [-0.65447598695755, 42.43965530395508, 500.0374450683594, 297.28228759765625], [-0.65447598695755, 42.43965530395508, 500.0374450683594, 297.28228759765625], [-0.65447598695755, 42.43965530395508, 500.0374450683594, 297.28228759765625], [-0.65447598695755, 42.43965530395508, 500.0374450683594, 297.28228759765625], [-0.65447598695755, 42.43965530395508, 500.0374450683594, 297.28228759765625], [-0.65447598695755, 42.43965530395508, 500.0374450683594, 297.28228759765625], [-0.65447598695755, 42.43965530395508, 500.0374450683594, 297.28228759765625], [-0.65447598695755, 42.43965530395508, 500.0374450683594, 297.28228759765625], [-0.65447598695755, 42.43965530395508, 500.0374450683594, 297.28228759765625], [-0.65447598695755, 42.43965530395508, 500.0374450683594, 297.28228759765625], [-0.65447598695755, 42.43965530395508, 500.0374450683594, 297.28228759765625], [316.34967041015625, 39.77471923828125, 498.37701416015625, 89.95349884033203], [0.5798169374465942, 39.037811279296875, 227.1199951171875, 300.2904357910156], [0.5798169374465942, 39.037811279296875, 227.1199951171875, 300.2904357910156], [0.5798169374465942, 39.037811279296875, 227.1199951171875, 300.2904357910156], [0.5798169374465942, 39.037811279296875, 227.1199951171875, 300.2904357910156], [0.5798169374465942, 39.037811279296875, 227.1199951171875, 300.2904357910156], [0.5798169374465942, 39.037811279296875, 227.1199951171875, 300.2904357910156], [0.5798169374465942, 39.037811279296875, 227.1199951171875, 