{"labels": [19, 19, 19, 19, 19, 19, 19, 19, 19, 19, 19, 19, 19, 6, 19, 19, 19, 19, 19, 19, 19, 19, 19, 19, 19, 4, 6, 19, 19, 19, 19, 19, 19, 0, 2, 3, 6, 7, 9, 11, 12, 13, 14, 16, 17, 19, 19, 19, 19, 19, 4, 8, 10, 17, 19, 19, 19, 19, 19, 19, 19, 19, 19, 19, 19, 19, 19, 19, 19, 19, 19, 0, 1, 3, 4, 6, 7, 8, 9, 10, 11, 12, 13, 14, 15, 16, 17, 18, 19, 19, 19, 19, 19, 19, 19, 19, 19, 19, 19, 19], "scores": [0.00843282975256443, 0.006250428035855293, 0.0067292205058038235, 0.0076712192967534065, 0.004579205997288227, 0.0045265210792422295, 0.007508203387260437, 0.0036825654096901417, 0.0047404570505023, 0.005018946714699268, 0.004404802806675434, 0.004347697831690311, 0.005625950172543526, 0.0038073996547609568, 0.008543862029910088, 0.004355438984930515, 0.00420976709574461, 0.004184357356280088, 0.004682822152972221, 0.004175735171884298, 0.007250627502799034, 0.0036137413699179888, 0.0036629687529057264, 0.006012568715959787, 0.005469274241477251, 0.005549672059714794, 0.003852023044601083, 0.011359459720551968, 0.0037886162754148245, 0.0044521186500787735, 0.005836882628500462, 0.003677518106997013, 0.005155074875801802, 0.004455909598618746, 0.014781775884330273, 0.007553840987384319, 0.008867510594427586, 0.010214602574706078, 0.009414995089173317, 0.9525517821311951, 0.0049571385607123375, 0.0062325494363904, 0.012039669789373875, 0.0058412873186171055, 0.017673837020993233, 0.008785904385149479, 0.004320573061704636, 0.0036026702728122473, 0.005844076629728079, 0.004448728170245886, 0.004506770987063646, 0.00671004131436348, 0.003875273047015071, 0.005569827277213335, 0.005841671954840422, 0.007625344675034285, 0.0040639955550432205, 0.0046634068712592125, 0.003805076237767935, 0.0047301421873271465, 0.0054729897528886795, 0.0037587443366646767, 0.007018934469670057, 0.0043227397836744785, 0.0038735228590667248, 0.0036620935425162315, 0.004265244584530592, 0.005783916916698217, 0.0042670792900025845, 0.0036339592188596725, 0.0037949890829622746, 0.008882950060069561, 0.010696103796362877, 0.021332651376724243, 0.0074739353731274605, 0.015516294166445732, 0.00834665261209011, 0.8333273530006409, 0.012076729908585548, 0.035566650331020355, 0.02134951949119568, 0.009612606838345528, 0.046074289828538895, 0.01290703471750021, 0.02472517266869545, 0.01384296640753746, 0.1028052568435669, 0.006534914020448923, 0.015179330483078957, 0.005983338225632906, 0.005210722330957651, 0.003610597224906087, 0.005575188435614109, 0.004700609017163515, 0.004043777007609606, 0.00775375310331583, 0.005266120191663504, 0.008672516793012619, 0.004149903543293476, 0.0035579162649810314], "bboxes": [[169.29107666015625, 107.06192779541016, 387.5076904296875, 144.3956756591797], [6.278376579284668, 77.86567687988281, 137.2666778564453, 141.27244567871094], [170.88424682617188, 104.133544921875, 372.166015625, 153.80426025390625], [377.9261779785156, 53.459136962890625, 498.3741760253906, 261.01458740234375], [273.20037841796875, 89.78996276855469, 384.5467224121094, 139.76817321777344], [175.57200622558594, 111.56627655029297, 431.5586853027344, 191.91409301757812], [169.06442260742188, 105.06180572509766, 368.2201232910156, 148.3703155517578], [181.31997680664062, 104.10685729980469, 313.4139709472656, 140.1639862060547], [76.1901626586914, 172.7396240234375, 410.7228088378906, 368.8777770996094], [-2.569570541381836, 62.55944061279297, 295.9656066894531, 272.28668212890625], [59.989986419677734, 79.00215148925781, 197.80624389648438, 207.79290771484375], [52.64984893798828, 112.91968536376953, 227.06642150878906, 161.85931396484375], [173.82347106933594, 105.66386413574219, 376.69769287109375, 162.9560089111328], [376.80523681640625, 77.39960479736328, 499.69195556640625, 136.2943572998047], [376.80523681640625, 77.39960479736328, 499.69195556640625, 136.2943572998047], [355.64776611328125, 121.20785522460938, 483.2823486328125, 206.2376708984375], [249.4586944580078, 126.47431945800781, 462.9954528808594, 190.5701446533203], [370.11566162109375, 194.9107666015625, 448.9311828613281, 290.2986145019531], [127.27010345458984, 164.98431396484375, 242.90350341796875, 231.2591094970703], [81.43352508544922, 112.98503875732422, 231.79412841796875, 177.05589294433594], [166.59396362304688, 105.9864730834961, 338.3690490722656, 139.07568359375], [122.176513671875, 114.30706024169922, 344.86468505859375, 209.7960968017578], [233.09176635742188, 153.54025268554688, 390.732421875, 201.26449584960938], [198.61354064941406, 82.67526245117188, 424.09710693359375, 145.90452575683594], [316.2997131347656, 115.78677368164062, 438.1045837402344, 194.5146942138672], [3.714737892150879, 95.98779296875, 138.11801147460938, 285.6120300292969], [3.714737892150879, 95.98779296875, 138.11801147460938, 285.6120300292969], [3.714737892150879, 95.98779296875, 138.11801147460938, 285.6120300292969], [311.0688781738281, 155.91799926757812, 478.0165100097656, 234.6262969970703], [190.59356689453125, 13.981595039367676, 390.2662658691406, 65.0029296875], [172.25344848632812, 102.2918472290039, 369.5112609863281, 158.46969604492188], [121.91771697998047, 112.763916015625, 389.5224609375, 222.0089569091797], [113.96980285644531, 100.6686019897461, 204.96241760253906, 202.50743103027344], [120.82313537597656, 113.22100830078125, 378.8317565917969, 272.17022705078125], [120.82313537597656, 113.22100830078125, 378.8317565917969, 272.17022705078125], [120.82313537597656, 113.22100830078125, 378.8317565917969, 272.17022705078125], [120.82313537597656, 113.22100830078125, 378.8317565917969, 272.17022705078125], [120.82313537597656, 113.22100830078125, 378.8317565917969, 272.17022705078125], [120.82313537597656, 113.22100830078125, 378.8317565917969, 272.17022705078125], [120.82313537597656, 113.22100830078125, 378.8317565917969, 272.17022705078125], [120.82313537597656, 113.22100830078125, 378.8317565917969, 272.17022705078125], [120.82313537597656, 113.22100830078125, 378.8317565917969, 272.17022705078125], [120.82313537597656, 113.22100830078125, 378.8317565917969, 272.17022705078125], [120.82313537597656, 113.22100830078125, 378.8317565917969, 272.17022705078125], [120.82313537597656, 113.22100830078125, 378.8317565917969, 272.17022705078125], [120.82313537597656, 113.22100830078125, 378.8317565917969, 272.17022705078125], [48.66739273071289, 136.53541564941406, 150.05105590820312, 189.46807861328125], [165.44528198242188, 120.46319580078125, 343.1417541503906, 174.84681701660156], [317.76629638671875, 8.045110702514648, 514.9285278320312, 107.88417053222656], [65.32394409179688, 120.3830795288086, 148.31765747070312, 173.90548706054688], [60.981998443603516, 98.71558380126953, 416.89483642578125, 366.0160827636719], [60.981998443603516, 98.71558380126953, 416.89483642578125, 366.0160827636719], [60.981998443603516, 98.71558380126953, 416.89483642578125, 366.0160827636719], [60.981998443603516, 98.71558380126953, 416.89483642578125, 366.0160827636719], [60.981998443603516, 98.71558380126953, 416.89483642578125, 366.0160827636719], [377.81329345703125, 42.24876022338867, 504.1809387207031, 175.18418884277344], [112.76852416992188, 114.46163940429688, 382.2901916503906, 179.87879943847656], [106.03284454345703, 119.2547607421875, 246.47950744628906, 205.1471710205078], [246.71128845214844, 130.4315643310547, 387.5746765136719, 184.55908203125], [305.5011291503906, 110.28394317626953, 466.0571594238281, 201.93174743652344], [288.8827819824219, 79.74603271484375, 450.4410095214844, 211.8707275390625], [65.63054656982422, 119.58812713623047, 236.68910217285156, 176.7654571533203], [159.94834899902344, 101.01582336425781, 393.07086181640625, 160.95327758789062], [74.96593475341797, 128.90623474121094, 212.5595245361328, 198.19970703125], [284.1213073730469, 176.76637268066406, 399.9934997558594, 232.5673065185547], [165.151123046875, 237.44757080078125, 286.025390625, 273.0376281738281], [113.23499298095703, 16.224245071411133, 291.7894592285156, 64.80489349365234], [12.408246994018555, 198.39134216308594, 