{"labels": [2, 4, 12, 14, 19, 4, 14, 18, 19, 19, 1, 4, 14, 19, 4, 19, 14, 4, 14, 19, 19, 4, 12, 14, 19, 1, 2, 3, 5, 8, 11, 12, 14, 17, 18, 2, 4, 12, 14, 19, 19, 4, 14, 18, 1, 2, 4, 6, 8, 12, 14, 15, 16, 18, 19, 4, 14, 19, 1, 2, 4, 12, 14, 15, 19, 2, 4, 12, 14, 19, 19, 4, 19, 1, 2, 4, 5, 6, 8, 12, 14, 15, 16, 18, 19, 4, 19, 18, 19, 4, 14, 19, 4, 19, 2, 4, 12, 14, 19, 15], "scores": [0.009246788918972015, 0.017281636595726013, 0.00968237966299057, 0.020850321277976036, 0.007718613371253014, 0.01236551534384489, 0.013074568472802639, 0.0061972676776349545, 0.006981816608458757, 0.010291938669979572, 0.005958484020084143, 0.018642282113432884, 0.012493022717535496, 0.006528697442263365, 0.007060331292450428, 0.007064336910843849, 0.0068738521076738834, 0.016277337446808815, 0.012879149056971073, 0.006979882251471281, 0.006074363831430674, 0.015509291552007198, 0.0077657331712543964, 0.012914489954710007, 0.0069802324287593365, 0.00841879565268755, 0.022337762638926506, 0.007999947294592857, 0.009796861559152603, 0.007618073374032974, 0.011982406489551067, 0.01857759803533554, 0.9556182622909546, 0.011746525764465332, 0.025184137746691704, 0.011562579311430454, 0.020304741337895393, 0.010370946489274502, 0.029198478907346725, 0.007077899761497974, 0.011274809017777443, 0.00604678550735116, 0.01010617334395647, 0.006537171546369791, 0.007477625738829374, 0.012148709036409855, 0.4070403277873993, 0.008794242516160011, 0.008227949030697346, 0.012814130634069443, 0.05446327105164528, 0.010171856731176376, 0.009586363099515438, 0.006969102658331394, 0.029558515176177025, 0.009222514927387238, 0.00955894310027361, 0.006074956152588129, 0.0065704090520739555, 0.007577750366181135, 0.034704260528087616, 0.006210661958903074, 0.017754675820469856, 0.006056482903659344, 0.008475451730191708, 0.006300715263932943, 0.018387485295534134, 0.0059843421913683414, 0.014138230122625828, 0.005964969284832478, 0.012420509941875935, 0.02069794200360775, 0.014366012997925282, 0.010619784705340862, 0.022984104230999947, 0.7411159873008728, 0.009461326524615288, 0.009282797574996948, 0.009777983650565147, 0.016390105709433556, 0.03194856271147728, 0.013342656195163727, 0.013708753511309624, 0.013337880373001099, 0.05400937423110008, 0.015123489312827587, 0.007573405280709267, 0.006485946476459503, 0.006087020505219698, 0.017819322645664215, 0.01228012703359127, 0.007490742020308971, 0.008958481252193451, 0.006233790423721075, 0.007279874291270971, 0.011943607591092587, 0.007197023835033178, 0.011403857730329037, 0.0075025917030870914, 0.005944432225078344], "bboxes": [[1.6549944877624512, 85.2715072631836, 33.42210388183594, 188.84397888183594], [1.6549944877624512, 85.2715072631836, 33.42210388183594, 188.84397888183594], [1.6549944877624512, 85.2715072631836, 33.42210388183594, 188.84397888183594], [1.6549944877624512, 85.2715072631836, 33.42210388183594, 188.84397888183594], [1.6549944877624512, 85.2715072631836, 33.42210388183594, 188.84397888183594], [4.09358024597168, 89.7288589477539, 85.97232818603516, 332.27752685546875], [4.09358024597168, 89.7288589477539, 85.97232818603516, 332.27752685546875], [4.09358024597168, 89.7288589477539, 85.97232818603516, 332.27752685546875], [4.09358024597168, 89.7288589477539, 85.97232818603516, 332.27752685546875], [72.49221801757812, -0.37467002868652344, 227.57003784179688, 58.3923225402832], [32.85881042480469, 111.56993865966797, 78.7503433227539, 194.67477416992188], [32.85881042480469, 111.56993865966797, 78.7503433227539, 194.67477416992188], [32.85881042480469, 111.56993865966797, 78.7503433227539, 194.67477416992188], [32.85881042480469, 111.56993865966797, 78.7503433227539, 194.67477416992188], [5.895147323608398, 216.80032348632812, 185.4972381591797, 375.896728515625], [5.895147323608398, 216.80032348632812, 185.4972381591797, 375.896728515625], [57.30480194091797, 18.464107513427734, 394.0169372558594, 374.2945861816406], [37.541664123535156, 112.7394027709961, 76.85134887695312, 192.14959716796875], [37.541664123535156, 112.7394027709961, 76.85134887695312, 192.14959716796875], [37.541664123535156, 112.7394027709961, 76.85134887695312, 192.14959716796875], [284.74945068359375, 152.03549194335938, 363.6065673828125, 201.08798217773438], [2.111194133758545, 92.95326232910156, 80.15274047851562, 211.10787963867188], [2.111194133758545, 92.95326232910156, 80.15274047851562, 211.10787963867188], [2.111194133758545, 92.95326232910156, 80.15274047851562, 211.10787963867188], [2.111194133758545, 92.95326232910156, 80.15274047851562, 211.10787963867188], [3.9680862426757812, 14.752044677734375, 462.4886779785156, 375.592041015625], [3.9680862426757812, 14.752044677734375, 462.4886779785156, 375.592041015625], [3.9680862426757812, 14.752044677734375, 462.4886779785156, 375.592041015625], [3.9680862426757812, 14.752044677734375, 462.4886779785156, 375.592041015625], [3.9680862426757812, 14.752044677734375, 462.4886779785156, 375.592041015625], [3.9680862426757812, 14.752044677734375, 462.4886779785156, 375.592041015625], [3.9680862426757812, 14.752044677734375, 462.4886779785156, 375.592041015625], [3.9680862426757812, 14.752044677734375, 462.4886779785156, 375.592041015625], [3.9680862426757812, 14.752044677734375, 462.4886779785156, 375.592041015625], [3.9680862426757812, 14.752044677734375, 462.4886779785156, 375.592041015625], [1.809241771697998, 86.21070861816406, 32.495059967041016, 182.03819274902344], [1.809241771697998, 86.21070861816406, 32.495059967041016, 182.03819274902344], [1.809241771697998, 86.21070861816406, 32.495059967041016, 182.03819274902344], [1.809241771697998, 86.21070861816406, 32.495059967041016, 182.03819274902344], [1.809241771697998, 86.21070861816406, 32.495059967041016, 182.03819274902344], [220.2921600341797, 2.239658832550049, 432.97808837890625, 78.19828796386719], [1.9726371765136719, 19.709949493408203, 330.6587829589844, 375.7308044433594], [1.9726371765136719, 19.709949493408203, 330.6587829589844, 375.7308044433594], [1.9726371765136719, 19.709949493408203, 330.6587829589844, 375.7308044433594], [39.166107177734375, 112.61841583251953, 73.30879211425781, 190.6699676513672], [39.166107177734375, 112.61841583251953, 73.30879211425781, 190.6699676513672], [39.166107177734375, 112.61841583251953, 73.30879211425781, 190.6699676513672], [39.166107177734375, 112.61841583251953, 73.30879211425781, 190.6699676513672], [39.166107177734375, 112.61841583251953, 73.30879211425781, 190.6699676513672], [39.166107177734375, 112.61841583251953, 73.30879211425781, 190.6699676513672], [39.166107177734375, 112.61841583251953, 73.30879211425781, 190.6699676513672], [39.166107177734375, 112.61841583251953, 73.30879211425781, 190.6699676513672], [39.166107177734375, 112.61841583251953, 73.30879211425781, 190.6699676513672], [39.166107177734375, 112.61841583251953, 73.30879211425781, 190.6699676513672], [39.166107177734375, 112.61841583251953, 73.30879211425781, 190.6699676513672], [35.159488677978516, 111.12203216552734, 78.3071517944336, 196.23101806640625], [35.159488677978516, 111.12203216552734, 78.3071517944336, 196.23101806640625], [268.5100402832031, 149.3735809326172, 363.51043701171875, 195.21151733398438], [37.217098236083984, 113.12532043457031, 74.529052734375, 190.4359588623047], [37.217098236083984, 113.12532043457031, 74.529052734375, 190.4359588623047], [37.217098236083984, 113.12532043457031, 74.529052734375, 190.4359588623047], [37.217098236083984, 113.12532043457031, 74.529052734375, 190.4359588623047], [37.217098236083984, 113.12532043457031, 74.529052734375, 190.4359588623047], [37.217098236083984, 113.12532043457031, 74.529052734375, 190.4359588623047], [37.217098236083984, 113.12532043457031, 74.529052734375, 190.4359588623047], [37.51756286621094, 113.58558654785156, 77.08647918701172, 190.649169921875], [37.51756286621094, 113.58558654785156, 77.08647918701172, 190.649169921875], [37.51756286621094, 113.58558654785156, 77.08647918701172, 190.649169921875], [37.51756286621094, 