{"labels": [1, 2, 4, 6, 7, 9, 11, 12, 14, 15, 16, 4, 1, 4, 9, 12, 14, 19, 1, 2, 3, 4, 6, 7, 8, 9, 11, 12, 14, 15, 16, 18, 1, 2, 3, 4, 5, 6, 7, 8, 9, 11, 12, 13, 14, 15, 16, 18, 1, 4, 1, 2, 3, 4, 5, 6, 7, 8, 9, 11, 12, 14, 15, 17, 18, 4, 1, 9, 14, 19, 19, 4, 1, 4, 1, 14, 0, 1, 2, 3, 4, 5, 7, 8, 9, 10, 12, 13, 14, 15, 16, 18, 19, 4, 4, 19, 1, 9, 4, 14], "scores": [0.007182221859693527, 0.009170272387564182, 0.01747480221092701, 0.009233321994543076, 0.0058259060606360435, 0.012734944932162762, 0.010353777557611465, 0.012335339561104774, 0.02487240917980671, 0.00545539241284132, 0.007802738808095455, 0.005184429697692394, 0.007816177792847157, 0.008291563019156456, 0.005761660635471344, 0.005678732413798571, 0.017306532710790634, 0.004672355018556118, 0.01658327691257, 0.00827148836106062, 0.007253676187247038, 0.008452026173472404, 0.008138180710375309, 0.009892947971820831, 0.004574921447783709, 0.020165953785181046, 0.010242561809718609, 0.017455458641052246, 0.05896415188908577, 0.0061628795228898525, 0.007604778744280338, 0.005516941659152508, 0.036391839385032654, 0.07517831772565842, 0.009947054088115692, 0.03624754771590233, 0.007639375049620867, 0.012809450738132, 0.009685585275292397, 0.006017777137458324, 0.02294791303575039, 0.009184767492115498, 0.05715310573577881, 0.004541045520454645, 0.7749318480491638, 0.0076385363936424255, 0.006110603921115398, 0.008625327609479427, 0.004713633097708225, 0.004800483118742704, 0.015528573654592037, 0.030498839914798737, 0.007717580068856478, 0.00989355519413948, 0.009190155193209648, 0.0049986024387180805, 0.009721614420413971, 0.006224082317203283, 0.011869937181472778, 0.006561221554875374, 0.03095671534538269, 0.8811014890670776, 0.004984241910278797, 0.004661897663027048, 0.011844377033412457, 0.004889635369181633, 0.007403879426419735, 0.005049585364758968, 0.004587823059409857, 0.004661002196371555, 0.00461568683385849, 0.006043261848390102, 0.005239917431026697, 0.006008480675518513, 0.005311605520546436, 0.004616392310708761, 0.02768416330218315, 0.8217271566390991, 0.039905138313770294, 0.027741258963942528, 0.03151357173919678, 0.005513421725481749, 0.01507441233843565, 0.016847938299179077, 0.013362878933548927, 0.014536720700562, 0.028557825833559036, 0.014761101454496384, 0.007608821149915457, 0.023469077423214912, 0.02363399602472782, 0.013723920099437237, 0.01771971583366394, 0.0046118698082864285, 0.004605237860232592, 0.005643134005367756, 0.005782359279692173, 0.0047000739723443985, 0.004589027725160122, 0.004465021193027496], "bboxes": [[263.8806457519531, 14.924812316894531, 332.6046447753906, 393.038330078125], [263.8806457519531, 14.924812316894531, 332.6046447753906, 393.038330078125], [263.8806457519531, 14.924812316894531, 332.6046447753906, 393.038330078125], [263.8806457519531, 14.924812316894531, 332.6046447753906, 393.038330078125], [263.8806457519531, 14.924812316894531, 332.6046447753906, 393.038330078125], [263.8806457519531, 14.924812316894531, 332.6046447753906, 393.038330078125], [263.8806457519531, 14.924812316894531, 332.6046447753906, 393.038330078125], [263.8806457519531, 14.924812316894531, 332.6046447753906, 393.038330078125], [263.8806457519531, 14.924812316894531, 332.6046447753906, 393.038330078125], [263.8806457519531, 14.924812316894531, 332.6046447753906, 393.038330078125], [263.8806457519531, 14.924812316894531, 332.6046447753906, 393.038330078125], [257.0615539550781, 13.850817680358887, 332.6085205078125, 236.66761779785156], [73.47631072998047, 3.8397603034973145, 342.89556884765625, 243.05648803710938], [73.47631072998047, 3.8397603034973145, 342.89556884765625, 243.05648803710938], [73.47631072998047, 3.8397603034973145, 342.89556884765625, 243.05648803710938], [73.47631072998047, 3.8397603034973145, 342.89556884765625, 243.05648803710938], [73.47631072998047, 3.8397603034973145, 342.89556884765625, 243.05648803710938], [-0.6611860394477844, 273.8562316894531, 188.86160278320312, 416.7464294433594], [3.512938976287842, 1.1120904684066772, 190.18838500976562, 398.4925537109375], [3.512938976287842, 1.1120904684066772, 190.18838500976562, 398.4925537109375], [3.512938976287842, 1.1120904684066772, 190.18838500976562, 398.4925537109375], [3.512938976287842, 1.1120904684066772, 190.18838500976562, 398.4925537109375], [3.512938976287842, 1.1120904684066772, 190.18838500976562, 398.4925537109375], [3.512938976287842, 1.1120904684066772, 190.18838500976562, 398.4925537109375], [3.512938976287842, 1.1120904684066772, 190.18838500976562, 398.4925537109375], [3.512938976287842, 1.1120904684066772, 190.18838500976562, 398.4925537109375], [3.512938976287842, 1.1120904684066772, 190.18838500976562, 398.4925537109375], [3.512938976287842, 1.1120904684066772, 190.18838500976562, 398.4925537109375], [3.512938976287842, 1.1120904684066772, 190.18838500976562, 398.4925537109375], [3.512938976287842, 1.1120904684066772, 190.18838500976562, 398.4925537109375], [3.512938976287842, 1.1120904684066772, 190.18838500976562, 398.4925537109375], [3.512938976287842, 1.1120904684066772, 190.18838500976562, 398.4925537109375], [0.8915300965309143, 1.164153814315796, 62.68739700317383, 316.6464538574219], [0.8915300965309143, 1.164153814315796, 62.68739700317383, 316.6464538574219], [0.8915300965309143, 1.164153814315796, 62.68739700317383, 316.6464538574219], [0.8915300965309143, 1.164153814315796, 62.68739700317383, 316.6464538574219], [0.8915300965309143, 1.164153814315796, 62.68739700317383, 316.6464538574219], [0.8915300965309143, 1.164153814315796, 62.68739700317383, 316.6464538574219], [0.8915300965309143, 1.164153814315796, 62.68739700317383, 316.6464538574219], [0.8915300965309143, 1.164153814315796, 62.68739700317383, 316.6464538574219], [0.8915300965309143, 1.164153814315796, 62.68739700317383, 316.6464538574219], [0.8915300965309143, 1.164153814315796, 62.68739700317383, 316.6464538574219], [0.8915300965309143, 1.164153814315796, 62.68739700317383, 316.6464538574219], [0.8915300965309143, 1.164153814315796, 62.68739700317383, 316.6464538574219], [0.8915300965309143, 1.164153814315796, 62.68739700317383, 316.6464538574219], [0.8915300965309143, 1.164153814315796, 62.68739700317383, 316.6464538574219], [0.8915300965309143, 1.164153814315796, 62.68739700317383, 316.6464538574219], [0.8915300965309143, 1.164153814315796, 62.68739700317383, 316.6464538574219], [72.92011260986328, -6.633172512054443, 350.42364501953125, 479.8102111816406], [72.92011260986328, -6.633172512054443, 350.42364501953125, 479.8102111816406], [73.72797393798828, -1.6116204261779785, 281.1929626464844, 442.62896728515625], [73.72797393798828, -1.6116204261779785, 281.1929626464844, 442.62896728515625], [73.72797393798828, -1.6116204261779785, 281.1929626464844, 442.62896728515625], [73.72797393798828, -1.6116204261779785, 281.1929626464844, 442.62896728515625], [73.72797393798828, -1.6116204261779785, 281.1929626464844, 442.62896728515625], [73.72797393798828, -1.6116204261779785, 281.1929626464844, 442.62896728515625], [73.72797393798828, -1.6116204261779785, 281.1929626464844, 442.62896728515625], [73.72797393798828, -1.6116204261779785, 281.1929626464844, 442.62896728515625], [73.72797393798828, -1.6116204261779785, 281.1929626464844, 442.62896728515625], [73.72797393798828, -1.6116204261779785, 281.1929626464844, 442.62896728515625], [73.72797393798828, -1.6116204261779785, 281.1929626464844, 442.62896728515625], [73.72797393798828, -1.6116204261779785, 281.1929626464844, 442.62896728515625], [73.72797393798828, -1.6116204261779785, 281.1929626464844, 442.62896728515625], [73.72797393798828, -1.6116204261779785, 281.1929626464844, 442.62896728515625], [73.72797393798828, -1.6116204261779785, 281.1929626464844, 442.62896728515625], [211.68484497070312, 222.11151123046875, 251.2248992919922, 286.1820068359375], [3.078956365585327, -10.377676010131836, 65.96114349365234, 369.9903564453125], [3.078956365585327, -10.377676010131836, 65.96114349365234, 369.9903564453125], [3.078956365585327, 